{"hotspotdatas":["{\"start_time\":4.437145997884204,\"end_time\":243.57595825195313,\"name\":\"\",\"text\":\"\",\"url_photo\":\"\",\"url_video\":\"\",\"worldPosition\":{\"x\":20.39267921447754,\"y\":7.434010982513428,\"z\":-4.955382823944092},\"rot\":{\"x\":-0.6090783476829529,\"y\":-0.13317745923995973,\"z\":0.774807870388031,\"w\":-0.10469113290309906}}","{\"start_time\":2.368701998870515,\"end_time\":243.57595825195313,\"name\":\"dsfafdfadafd\",\"text\":\"\",\"url_photo\":\"Photo path here.\",\"url_video\":\"\",\"worldPosition\":{\"x\":20.370738983154298,\"y\":-1.6666598320007325,\"z\":1.1746876239776612},\"rot\":{\"x\":0.7265722751617432,\"y\":-0.027965053915977479,\"z\":-0.6858812570571899,\"w\":-0.029624128714203836}}","{\"start_time\":5.604815997327416,\"end_time\":243.57595825195313,\"name\":\"\",\"text\":\"\",\"url_photo\":\"\",\"url_video\":\"\",\"worldPosition\":{\"x\":19.53559112548828,\"y\":7.205541610717773,\"z\":-10.209487915039063},\"rot\":{\"x\":-0.5116357803344727,\"y\":-0.1345561444759369,\"z\":0.8446779847145081,\"w\":-0.08150293678045273}}","{\"start_time\":3.369561998393268,\"end_time\":243.57595825195313,\"name\":\"\",\"text\":\"\",\"url_photo\":\"\",\"url_video\":\"\",\"worldPosition\":{\"x\":22.064424514770509,\"y\":3.6642777919769289,\"z\":8.196309089660645},\"rot\":{\"x\":0.8185960054397583,\"y\":0.04403797537088394,\"z\":-0.5691657662391663,\"w\":0.06333710998296738}}"]}